uuid,content
1,arena
2,jockey
3,book
4,employ
5,death
6,declaration
7,slide
8,convulsion
9,carriage
10,transport
11,charismatic
12,quantity
13,stick
14,right
15,discuss
16,explode
17,die
18,relief
19,embrace
20,withdrawal
21,food
22,mechanism
23,nose
24,reinforce
25,reservoir
26,dare
27,drum
28,fool around
29,hypothesize
30,expression
31,tolerant
32,coal
33,lace
34,designer
35,structure
36,concede
37,meet
38,debate
39,outfit
40,owner
41,exceed
42,sanctuary
43,graphic
44,medium
45,environment
46,fixture
47,suffer
48,organisation
49,lift
50,available
51,say
52,welcome
53,progress
54,dragon
55,light
56,cat
57,row
58,spot
59,terminal
60,dimension
61,length
62,dairy
63,surprise
64,owl
65,reform
66,deter
67,root
68,dog
69,fox
70,host
71,shame
72,detector
73,dismissal
74,rebellion
75,fund
76,laboratory
77,coincide
78,lump
79,node
80,appear
81,bronze
82,bold
83,oak
84,tender
85,proposal
86,advertise
87,set
88,waste
89,money
90,open
91,suggest
92,coach
93,use
94,platform
95,paragraph
96,fork
97,homosexual
98,consumption
99,think
100,give
101,layer
102,smash
103,punish
104,satellite
105,shelf
106,ensure
107,fly
108,compound
109,community
110,admire
111,snow
112,spectrum
113,hammer
114,hang
115,fraud
116,meadow
117,engagement
118,reverse
119,feather
120,grounds
121,parking
122,abandon
123,design
124,represent
125,bat
126,plastic
127,discovery
128,biscuit
129,language
130,dull
131,deprive
132,dump
133,healthy
134,copy
135,noble
136,agree
137,maze
138,index
139,fare
140,domestic
141,embarrassment
142,battlefield
143,imposter
144,treaty
145,agony
146,answer
147,bank
148,driver
149,pin
150,guideline
151,reject
152,landowner
153,ball
154,equal
155,premium
156,bedroom
157,adjust
158,emergency
159,civilization
160,complex
161,delivery
162,proper
163,idea
164,update
165,match
166,experience
167,fluctuation
168,franchise
169,revive
170,executive
171,sensitive
172,verdict
173,trick
174,stomach
175,tactic
176,relaxation
177,dependence
178,rider
179,axis
180,receipt
181,rescue
182,suffering
183,missile
184,decline
185,sex
186,joint
187,monster
188,tough
189,rubbish
190,faithful
191,monkey
192,council
193,thumb
194,sausage
195,property
196,tasty
197,material
198,dark
199,transfer
200,degree
201,disorder
202,biology
203,pair
204,shallow
205,pure
206,accurate
207,percent
208,exaggerate
209,willpower
210,nationalism
211,choke
212,race
213,chip
214,skilled
215,skeleton
216,suburb
217,economic
218,narrow
219,combination
220,strict
221,sit
222,advocate
223,clinic
224,offspring
225,crystal
226,abridge
227,glimpse
228,left
229,drain
230,rain
231,eat
232,kidnap
233,stroke
234,scandal
235,favor
236,negative
237,criticism
238,retired
239,omission
240,cereal
241,terms
242,engineer
243,tenant
244,route
245,tower
246,bottom
247,Sunday
248,prefer
249,presentation
250,win
251,harsh
252,dance
253,production
254,step
255,ego
256,thin
257,argument
258,inappropriate
259,mood
260,behave
261,mother
262,corner
263,front
264,yard
265,exercise
266,consultation
267,fail
268,kit
269,west
270,outlook
271,publisher
272,lamb
273,funny
274,transition
275,pension
276,stereotype
277,minute
278,dinner
279,society
280,flavor
281,link
282,wind
283,cathedral
284,game
285,aisle
286,shop
287,fight
288,flawed
289,table
290,detail
291,entertainment
292,breed
293,awful
294,real
295,colleague
296,sheet
297,cold
298,revenge
299,serious
300,glue
301,width
302,connection
303,prevalence
304,growth
305,adoption
306,elbow
307,chicken
308,prestige
309,city
310,sculpture
311,throat
312,sacrifice
313,coin
314,jet
315,minimum
316,aspect
317,rare
318,print
319,drop
320,plaster
321,constraint
322,accompany
323,see
324,summit
325,ancestor
326,read
327,remember
328,king
329,eaux
330,loot
331,name
332,poor
333,frank
334,walk
335,radiation sickness
336,racism
337,judge
338,theorist
339,ceremony
340,fire
341,novel
342,personality
343,elaborate
344,sun
345,brilliance
346,hill
347,clear
348,spite
349,quality
350,company
351,day
352,ambition
353,systematic
354,treat
355,survival
356,torture
357,oven
358,wild
359,enlarge
360,rehabilitation
361,jungle
362,trolley
363,retain
364,liability
365,philosophy
366,prejudice
367,beneficiary
368,weave
369,holiday
370,metal
371,valley
372,undress
373,expose
374,afford
375,humanity
376,map
377,past
378,isolation
379,voyage
380,facade
381,expect
382,point
383,project
384,jaw
385,force
386,track
387,dilemma
388,weed
389,remind
390,bride
391,multiply
392,grace
393,reach
394,challenge
395,silence
396,ideal
397,finance
398,know
399,business
400,diplomat
401,confine
402,salon
403,sign
404,basin
405,fear
406,dough
407,thigh
408,sheep
409,thanks
410,snub
411,purpose
412,killer
413,confuse
414,hard
415,transparent
416,mess
417,tendency
418,reveal
419,prescription
420,court
421,create
422,pillow
423,interest
424,fog
425,migration
426,palace
427,mist
428,building
429,moon
430,team
431,interactive
432,ideology
433,colony
434,kinship
435,motorcycle
436,ethnic
437,environmental
438,analysis
439,week
440,tournament
441,stride
442,solo
443,end
444,lid
445,X-ray
446,direction
447,superintendent
448,composer
449,beam
450,prisoner
451,cutting
452,salt
453,shoulder
454,clay
455,sow
456,proclaim
457,bulletin
458,pursuit
459,piece
460,charity
461,legislation
462,blue
463,econobox
464,deport
465,haunt
466,lecture
467,meeting
468,plug
469,admission
470,gene
471,horse
472,concept
473,reflect
474,seller
475,mutter
476,hiccup
477,thaw
478,banner
479,mean
480,horoscope
481,professional
482,constituency
483,flour
484,velvet
485,loud
486,national
487,understand
488,testify
489,choose
490,arch
491,happen
492,nap
493,forge
494,flag
495,rush
496,inject
497,primary
498,build
499,define
1,speculate
2,fix
3,incentive
4,thank
5,letter
6,compensation
7,distortion
8,stir
9,bay
10,close
11,lip
12,museum
13,crack
14,disaster
15,bite
16,conference
17,warning
18,core
19,rate
20,snatch
21,highway
22,related
23,stunning
24,peak
25,sweet
26,canvas
27,tumble
28,stake
29,rib
30,fuel
31,donor
32,projection
33,confront
34,sniff
35,string
36,technique
37,wage
38,ribbon
39,gallery
40,recycle
41,coast
42,permanent
43,tank
44,delete
45,contraction
46,asset
47,well
48,album
49,opposed
50,cake
51,factory
52,rung
53,mixture
54,stock
55,upset
56,shoot
57,morale
58,brother
59,trench
60,commerce
61,deer
62,formal
63,network
64,spider
65,sailor
66,poem
67,trade
68,regular
69,angel
70,scenario
71,nut
72,motorist
73,dash
74,wound
75,bad
76,teenager
77,firm
78,grind
79,drill
80,pumpkin
81,despise
82,achieve
83,ivory
84,tear
85,disclose
86,residence
87,snuggle
88,wine
89,concrete
90,question
91,ice
92,health
93,beer
94,chapter
95,helicopter
96,apple
97,debt
98,rifle
99,convict
100,exact
101,latest
102,acceptance
103,lodge
104,bracket
105,genetic
106,reporter
107,star
108,sweater
109,obligation
110,venture
111,public
112,depart
113,grass
114,pole
115,hot
116,climate
117,face
118,precision
119,reproduction
120,change
121,hostile
122,bed
123,innovation
124,steam
125,hero
126,smart
127,freedom
128,diameter
129,seal
130,undertake
131,substitute
132,hospitality
133,wrap
134,press
135,bench
136,aunt
137,sandwich
138,attachment
139,identification
140,arrow
141,world
142,colon
143,hit
144,candidate
145,activate
146,pen
147,brave
148,pit
149,eavesdrop
150,mile
151,freshman
152,right wing
153,knife
154,foreigner
155,hair
156,volcano
157,spring
158,investment
159,forest
160,sector
161,behavior
162,comedy
163,shower
164,wheat
165,course
166,publish
167,squash
168,intensify
169,brainstorm
170,feast
171,solve
172,intelligence
173,freckle
174,prize
175,cute
176,runner
177,veil
178,hope
179,produce
180,spend
181,stream
182,office
183,relative
184,dirty
185,auction
186,vigorous
187,job
188,bother
189,uniform
190,pressure
191,portion
192,mobile
193,peasant
194,disappear
195,factor
196,future
197,general
198,desert
199,reference
200,automatic
201,precede
202,cut
203,nightmare
204,institution
205,immune
206,rise
207,photograph
208,thoughtful
209,shell
210,roar
211,marketing
212,falsify
213,discourage
214,back
215,village
216,tire
217,relation
218,breast
219,bee
220,frown
221,glove
222,find
223,elegant
224,audience
225,announcement
226,birthday
227,sample
228,advantage
229,partnership
230,season
231,defend
232,egg
233,thought
234,litigation
235,privilege
236,economist
237,invite
238,assumption
239,similar
240,dream
241,student
242,reasonable
243,resign
244,insure
245,occupy
246,finish
247,pigeon
248,heel
249,grief
250,reactor
251,neglect
252,glass
253,suspicion
254,horseshoe
255,calculation
256,attack
257,folklore
258,engine
259,bike
260,spell
261,steak
262,professor
263,pass
264,ride
265,vote
266,review
267,alarm
268,iron
269,palm
270,difference
271,picture
272,arm
273,pilot
274,scramble
275,elephant
276,zero
277,guerrilla
278,camera
279,fill
280,active
281,stadium
282,precedent
283,diamond
284,salmon
285,conductor
286,lung
287,chance
288,costume
289,opposition
290,establish
291,order
292,virgin
293,inspiration
294,ghostwriter
295,oil
296,decade
297,eye
298,depend
299,decrease
300,crouch
301,old
302,arrange
303,infect
304,hemisphere
305,rule
306,training
307,voter
308,snail
309,tight
310,custody
311,delicate
312,astonishing
313,payment
314,ignorant
315,jewel
316,direct
317,mourning
318,injection
319,access
320,choice
321,fate
322,proof
323,foster
324,remedy
325,cylinder
326,deviation
327,particular
328,supplementary
329,relationship
330,title
331,fat
332,negotiation
333,feature
334,discount
335,presence
336,seize
337,settlement
338,roof
339,disgrace
340,unit
341,greeting
342,inflate
343,first
344,talk
345,predict
346,truck
347,allow
348,recession
349,illusion
350,director
351,claim
352,plaintiff
353,mention
354,neck
355,kid
356,collapse
357,illness
358,lead
359,obese
360,common
361,likely
362,appearance
363,grudge
364,weight
365,referral
366,entry
367,trainer
368,bare
369,attraction
370,hobby
371,intermediate
372,convince
373,scene
374,disturbance
375,entitlement
376,place
377,fruit
378,slice
379,handy
380,notion
381,import
382,class
383,regret
384,specimen
385,hay
386,line
387,modest
388,fall
389,finger
390,liberty
391,monarch
392,interference
393,play
394,rational
395,baseball
396,relate
397,bag
398,hotdog
399,consensus
400,rice
401,dentist
402,method
403,anticipation
404,sunshine
405,facility
406,terrace
407,fee
408,reputation
409,band
410,guide
411,tradition
412,feel
413,animal
414,infrastructure
415,sweep
416,reserve
417,plead
418,grateful
419,rear
420,outer
421,visible
422,discover
423,stimulation
424,code
425,miner
426,aloof
427,decoration
428,strain
429,seasonal
430,linear
431,marriage
432,tray
433,heat
434,vegetable
435,disk
436,knot
437,offend
438,recommendation
439,crowd
440,relinquish
441,corpse
442,frighten
443,performance
444,helpless
445,printer
446,please
447,dangerous
448,appetite
449,groan
450,restrain
451,casualty
452,literacy
453,text
454,chop
455,lamp
456,notorious
457,deposit
458,reason
459,harmony
460,bubble
461,coup
462,dead
463,tune
464,night
465,dominate
466,record
467,far
468,thinker
469,greet
470,dividend
471,castle
472,feed
473,aid
474,crutch
475,version
476,pudding
477,singer
478,equinox
479,man
480,absolute
481,boot
482,forbid
483,generation
484,nonsense
485,shift
486,curtain
487,gutter
488,classroom
489,exploration
490,remunerate
491,care
492,eliminate
493,texture
494,wave
495,mine
496,replacement
497,major
498,soprano
499,retailer
500,financial
1,responsible
2,irony
3,interface
4,creep
5,survivor
6,top
7,fine
8,mathematics
9,favorable
10,discipline
11,sweat
12,researcher
13,float
14,small
15,distinct
16,braid
17,space
18,resident
19,soil
20,bathroom
21,leaf
22,enfix
23,administration
24,whisper
25,classify
26,snake
27,escape
28,chorus
29,disappointment
30,squeeze
31,headquarters
32,tool
33,lonely
34,calm
35,maid
36,devote
37,cigarette
38,like
39,judicial
40,tissue
41,catalogue
42,summer
43,pitch
44,month
45,magazine
46,high
47,head
48,exchange
49,sticky
50,wire
51,banana
52,exploit
53,superior
54,sofa
55,attention
56,command
57,realize
58,sympathetic
59,deficit
60,minimize
61,bond
62,cower
63,remark
64,rainbow
65,twitch
66,capital
67,rhythm
68,dollar
69,praise
70,exhibition
71,credit
72,spontaneous
73,contract
74,folk
75,rhetoric
76,kill
77,repetition
78,cane
79,soar
80,make
81,ash
82,experiment
83,practice
84,expertise
85,glance
86,pawn
87,breakdown
88,turkey
89,manufacturer
90,gallon
91,wording
92,retiree
93,recording
94,drawer
95,nun
96,closed
97,load
98,departure
99,land
100,crew
101,pipe
102,nominate
103,dive
104,mayor
105,orchestra
106,file
107,beautiful
108,leaflet
109,principle
110,aluminium
111,conservation
112,first-hand
113,chauvinist
114,score
115,shortage
116,horn
117,achievement
118,short circuit
119,ghost
120,call
121,spokesperson
122,budge
123,ant
124,park
125,manner
126,buffet
127,poison
128,explain
129,square
130,linger
131,ethics
132,hen
133,cassette
134,auditor
135,grain
136,report
137,straw
138,mature
139,cancel
140,battle
141,pan
142,term
143,camp
144,raise
145,launch
146,boy
147,fame
148,jump
149,kitchen
150,deep
151,peace
152,evolution
153,feedback
154,bell
155,helmet
156,mutual
157,pack
158,log
159,effective
160,boom
161,crude
162,crackpot
163,habit
164,cancer
165,offender
166,memorial
167,generate
168,priority
169,rich
170,preference
171,peel
172,pocket
173,tropical
174,serve
175,prosecute
176,issue
177,worry
178,retreat
179,war
180,climb
181,operation
182,emotion
183,slump
184,block
185,breathe
186,construct
187,credit card
188,integrity
189,ring
190,basis
191,trap
